id,lat,lon,street,city,state
110367,41.398875,-75.673838,1000 S Washington Ave,Scranton,PA
164548,47.609888,-122.334868,1420 5th Ave,Seattle,WA
355416,40.859906,-96.681946,4900 N 27th St,Lincoln,NE
394769,38.935148,-76.9504,3831 Bladensburg Rd,Colmar Manor,MD
123365,43.313042,-87.925049,1020 Port Washington Road,Grafton,WI
361732,33.762886,-116.300694,39615 WASHINGTON STE H,PALM DESERT,CA
361576,32.86812,-117.233473,8849 Villa La Jolla Dr,La Jolla,CA
349272,39.307971,-84.317397,5705 Deerfield Blvd,Mason,OH
109595,40.448273,-80.177507,249 Summit Park Dr.,Pittsburgh,PA
131339,43.590275,-116.316228,10751 WEST OVERLAND ROAD,BOISE,ID
1008896,29.871037,-90.079088,3611 Lapalco Blvd.,Harvey,LA
344611,40.903918,-74.563716,530 MT Pleasant Ave,Dover,NJ
344612,41.83286,-88.03206,2000 Butterfield Rd,Downers Grove,IL
346013,41.614246,-83.681628,5900 W Airport Hwy,Toledo,OH
346014,40.670283,-111.986574,4581 S 4000 W,West Valley City,UT
359699,41.247467,-111.978157,984 Wall Avenue,Ogden,UT
166624,32.870434,-117.214157,8750 Genesee Avenue,San Diego,CA
356217,36.176478,-94.555177,883 S DOGWOOD,SILOAM SPRINGS,AR
133911,34.017733,-118.108479,1012 W BEVERLY BLVD,MONTEBELLO,CA
119860,39.897132,-83.438071,224 Lafayette St.,London,OH
111139,39.109701,-77.536475,241 Fort Evans Rd.,Leesburg,VA
132949,35.641198,-106.01174,3521 Zafarano Drive,Santa Fe,NM
118190,36.401488,-86.169974,210 McMurry Boulevard  East,Hartsville,TN
138653,45.408113,-122.793192,17942 SW Mcewan Road,Tigard,OR
151253,40.343085,-105.074284,2842 SE FRONTAGE RD,LOVELAND,CO
145942,37.534085,-122.000269,5255 MOWRY AVE,FREMONT,CA
355752,29.984799,-91.819346,1102 E ADMIRAL DOYLE DR,NEW IBERIA,LA
131681,40.252369,-111.668661,1324 North State Street,Provo,UT
341529,45.822725,-92.980715,630 13th Street,Pine City,MN
357655,29.728662,-95.64398,2808 South Hwy 6,Houston,TX
130796,40.152948,-105.130581,800 S Hover St,Longmont,CO
135272,33.77847,-116.459339,68509 E Us Highway 111,Cathedral City,CA
1008491,38.457682,-78.050836,10411 James Monroe Hwy.,Culpeper,VA
155761,48.846816,-122.591568,2031 Main St,Ferndale,WA
136591,36.974653,-120.081069,1977 W Cleveland Ave,Madera,CA
362284,36.053558,-118.995906,500 WEST VANDALIA AVENUE,PORTERVILLE,CA
373655,28.054561,-82.427999,2794 E Fowler Ave,Tampa,FL
361679,32.687952,-117.178536,853 ORANGE AVE,CORONADO,CA
111140,39.113585,-77.537211,1019-B Edwards Ferry Rd.,Leesburg,VA
333035,38.997921,-105.550964,7125 W 88th Ave,Westminster,CO
148713,38.939949,-77.178569,1313 DOLLEY MADISON BLVD,MCLEAN,VA
155743,38.258046,-122.050267,1307 Travis Blvd,Fairfield,CA
163258,34.112843,-117.763382,2145 Foothill Blvd.,La Verne,CA
150335,31.778943,-82.350578,198 W. PARKER St,BAXLEY,GA
127849,32.704465,-96.283761,301 Tanger Dr.,Terrell,TX
149738,34.133346,-117.26242,2055 Elks Dr.,San Bernardino,CA
361894,34.104029,-117.29944,292 North G Street,San Bernardino,CA
361760,32.766922,-115.533518,564 Danenberg Dr,El Centro,CA
344357,41.926423,-87.792863,2555 N Normandy,Chicago,IL
344359,41.209593,-73.191728,656 Reservoir Avenue,Bridgeport,CT
137515,37.229523,-121.884212,6081 MERIDIAN AVE,SAN JOSE,CA
359610,40.577477,-111.835753,9570 S Highland Dr,Sandy,UT
106158,40.867076,-74.103208,136 Passaic St,Garfield,NJ
137519,37.299152,-121.82318,1009 E CAPITOL EXPWY,SAN JOSE,CA
143818,39.035748,-77.41021,20955 DAVENPORT DR. #102,STERLING,VA
147236,42.353212,-83.386186,8791 N. Wayne Road,WESTLAND,MI
350356,42.490696,-82.940659,26500 Gratiot Ave,Roseville,MI
361533,33.179691,-117.326873,2525 El Camino Real,Carlsbad,CA
134079,33.818379,-118.109632,3380 LOS COYOTES DIA,LONG BEACH,CA
156333,41.218791,-111.970515,2590 Washington Blvd,Ogden,UT
159571,29.995064,-95.622488,13135 Louetta,Cypress,TX
106323,40.717038,-74.05307,414 Grand St,Jersey City,NJ
354094,40.131103,-88.255474,820 Bloomington Rd,Champaign,IL
107180,40.740584,-73.985981,315 Park Avenue South,Manhattan,NY
151799,41.753562,-86.117383,12830 STATE Rd 23,GRANGER,IN
111599,39.367323,-77.145381,1001 Twin Arch Rd,Mt Airy,MD
114533,33.923933,-84.468188,2900 Delk Rd Se  Ste 2200,Marietta,GA
360923,33.985648,-118.395489,257 Fox Hills Mall,Culver City,CA
113638,35.740723,-81.366054,603 Us Highway 321 Nw,Hickory,NC
112940,35.594206,-78.77655,1361 E Broad Street,Fuquay Varina,NC
139010,47.627379,-122.132385,1955 156th Ave Ne,Bellevue,WA
176204,48.241443,-122.357412,27008 92nd Ave NW,Stanwood,WA
153201,28.33492,-81.588507,3020 Main Gate Lane,Kissimmee,FL
394593,39.669795,-75.598657,148 Sunset Blvd.,New Castle,DE
158556,38.986886,-76.98786,7633 New Hampshire Ave,Takoma Park,MD
128271,32.434361,-97.780672,735 E Highway 377,Granbury,TX
353907,40.458515,-88.375331,628 S SANGAMON,GIBSON CITY,IL
146202,41.938446,-87.775473,5959 W Belmont Ave,CHICAGO,IL
352306,46.571185,-90.976641,28715 US Hwy 2,Ashland,WI
132195,33.50205,-111.943309,7055 EAST CAMELBACK ROAD,SCOTTSDALE,AZ
137592,37.253238,-121.798161,5546 Monterey Rd.,San Jose,CA
140725,40.822874,-73.900303,977 Prospect Avenue,Bronx,NY
375128,33.380348,-111.601469,1951 S Signal Butte Rd,Mesa,AZ
355807,30.228432,-90.920651,625 S BURNSIDE AVE,GONZALES,LA
128943,29.770178,-95.601046,14400 Memorial Dr,Houston,TX
355608,30.032263,-89.973721,9954 LAKE FOREST BLVD STE 1,NEW ORLEANS,LA
393320,29.986209,-81.69524,1517 Idlewild Ave,Green Cove Springs,
364161,47.654112,-122.679969,9551 Ridgetop Blvd Nw,Silverdale,WA
137607,36.801039,-119.596649,4707 QUAIL LAKE DR. #400,STOCKTON,CA
394340,29.867294,-81.340228,715 State Road 207,St Augustine,
176754,41.055577,-73.542763,21 Broad St,Stamford,CT
351971,43.18293,-87.961005,9090 N Green Bay Rd,Brown Deer,WI
162472,46.398741,-117.013232,1325 21st,Lewiston,ID
144607,42.105755,-88.247202,3002 Wakefield Drive,CARPENTERSVILLE,IL
353538,41.751809,-87.741459,7760 S Cicero Ave,Burbank,IL
397231,38.421433,-82.285183,2070 Thundering Herd Rd,Barboursville,WV
353442,41.520602,-87.64649,95B W JOE ORR RD,CHICAGO HEIGHTS,IL
145843,34.098112,-118.300121,5076 W. Sunset Blvd.,LOS ANGELES,CA
143182,41.752265,-72.721867,161 Oakwood Ave,West Hartford,CT
1008653,39.539701,-82.404299,297 E Main St,Logan,OH
345771,36.984571,-121.964879,2600 41st Avenue,Soquel,CA
357488,29.744515,-95.393616,1214 Westheimer,Houston,TX
149376,25.941239,-80.306988,18496 NW 67th Ave,Hialeah,FL
119261,38.299853,-85.542987,3706 Diann Marie Rd,Louisville,KY
107316,40.810833,-73.952753,350 W 125th St,New York,NY
109174,42.988988,-78.822527,1255 Niagara Falls Blvd.,Amherst,NY
128540,32.204771,-98.236555,2765 W Washington St,Stephenville,TX
164980,35.206694,-89.840629,2955 Kirby-Whitten Pkwy,Bartlett,TN
374662,43.185428,-76.237138,3954 Route 31,Liverpool,NY
356865,32.849675,-96.682785,11255 Garland Rd,Dallas,TX
128134,31.952114,-95.263867,1329 S Jackson St,Jacksonville,TX
352080,42.941913,-89.38335,1015 N MAIN ST,OREGON,WI
342383,31.469979,-98.568225,1200 Highway 84,Goldthwaite,TX
156381,33.801161,-116.525698,1793 E. Palm Cyn Dr,Palm Springs,CA
132159,33.218086,-111.877152,9538 E Riggs Rd,Sun Lakes,AZ
354527,38.772929,-90.784083,6103 Ronald Reagan Dr,Lake St. Louis,MO
153130,37.753707,-122.488375,2301 NORIEGA ST,SAN FRANCISCO,CA
473525,32.956468,-117.036108,13630 POWAY RD,POWAY,CA
119731,40.073234,-83.139362,5900 Britton Pkwy,Dublin,OH
375579,41.694422,-71.1513,501 Rodman Street,Fall River,MA
121689,38.308808,-85.768063,425 Little League Blvd,Clarksville,IN
372044,45.530678,-122.961727,1991 Ne Cornell Rd, Ste 110,Hillsboro
112537,38.86733,-82.126053,2418 Jackson Avenue,Point Pleasant,WV
167922,29.740596,-95.465535,5150 Westheimer,Houston,TX
392906,42.039905,-87.843746,8730 WEST DEMPSTER,Niles,IL
111593,39.66269,-77.744949,18065 Garland Groh Blvd,Hagerstown,MD
119840,39.878708,-83.043271,1739 Stringtown Road,Grove City,OH
133994,33.889178,-118.18205,6601 E Alondra,Paramount,CA
393289,29.364713,-81.967435,14780 NE Hwy 315,Ft. McCoy,
1008308,41.425784,-73.419502,87 Federal Road,Danbury,CT
109182,43.037359,-78.823425,3035 Niagra Falls Blvd,Amherst,NY
130213,35.192844,-101.864918,2607 WOLFLIN AVE,AMARILLO,TX
124106,47.88939,-97.045229,3301 32 Ave,Grand Forks,ND
392681,38.673714,-77.210377,7760 Gunston Plaza Drive,Lorton,VA
114360,33.641557,-84.014493,1820 Hwy 20 SE,Conyers,GA
112891,35.713316,-79.010646,1571 Beaver Creek Commons Drive,Apex,NC
140466,38.677328,-121.757119,1388 E Main St,Woodland,CA
163432,40.705876,-74.007133,80 Pine Street,New York,NY
116300,26.007848,-80.307724,11945 Pines Blvd,Pembroke Pines,FL
134899,32.799646,-116.935741,495 N 2nd St,El Cajon,CA
153859,33.902843,-98.495188,1300 Broad St,Wichita Falls,TX
359756,37.108148,-113.578564,214 E TABERNACLE,SAINT GEORGE,UT
147177,28.241876,-81.488102,8540 W. IRLO BRONSON HWY,KISSIMMEE,FL
129635,29.60431,-98.279566,6102 Fm 3009,Schertz,TX
1008651,28.23415,-82.35447,5300 Eagleston Blvd,Wesley Chapel,FL
120564,40.836976,-81.265304,613 W. Main Street,Louisville,OH
130422,39.607896,-104.744376,20901 East Smoky Hill Road,Aurora,CO
1009335,37.984983,-122.322317,3255 Auto Plaza,Richmond,CA
1122143,35.950554,-78.989555,3603 Witherspoon Road,Durham,NC
358126,29.693282,-98.115046,241 Business 35 South,New Braunfels,TX
163511,30.189389,-85.649972,2296-A Martin Luther King Blvd,Panama City,FL
1008310,41.054673,-73.524239,20 Myrtle Ave,Stamford,CT
138581,45.518118,-122.675012,245 SW Morrison,Portland,OR
352489,44.73308,-93.221371,14825 GRANADA AVE,APPLE VALLEY,MN
149852,33.793365,-82.479448,115 N. WASHINGTON,LINCOLNTON,GA
160550,40.76024,-73.996886,555 W. 42ND STREET,New York,NY
351728,42.034702,-91.680014,2605 Blairs Ferry Rd Ne,Cedar Rapids,IA
123535,42.698692,-88.973508,1201 N Wright Rd,Janesville,WI
132768,35.19432,-111.656513,505 S Milton Rd,Flagstaff,AZ
152545,42.458623,-71.263557,244 WOOD St,LEXINGTON,MA
351375,44.753088,-85.595307,813 S GARFIELD,TRAVERSE CITY,MI
112039,36.822461,-76.418537,4300 Portsmouth Blvd,Chesapeake,VA
165335,29.895417,-90.060762,1451 Manhattan Blvd,Harvey,LA
140831,33.998815,-81.216696,5454 Sunset Blvd  Ste H,Lexington,SC
134130,34.201158,-118.192848,663 Foothill Blvd,La Canada,CA
347618,35.991104,-83.920049,2039 Broadway St Ne,Knoxville,TN
115855,30.388551,-86.427501,34904 Emerald Coast Pkwy Suite 118,Destin,FL
346329,34.373717,-82.919973,117 WAL-MART DR,HARTWELL,GA
152499,25.714279,-80.418722,13890 SW 56th St,Miami,FL
125592,38.798511,-90.620409,2 Mid Rivers Mall Drive,St. Peters,MO
356696,33.046218,-97.011171,751 West Main St,Lewisville,TX
129659,29.492244,-98.436949,1434 Austin Hwy,San Antonio,TX
156447,39.640835,-81.183729,1260 Gail Gardner Way #125,Prescott,AZ
342679,44.996068,-89.661,2727 North 20th Ave.,Wausau,WI
139522,39.640773,-76.259753,1940 E 1st Street #110,Port Angeles,WA
372573,41.207872,-73.728578,37 S Moger Avenue ,Mt. Kisco,NY
148598,33.847265,-84.25568,2162 Henderson Mill Rd NE,Atlanta,GA
113867,34.031088,-81.10685,1326 Bush River Rd,Columbia,SC
105177,41.946015,-71.347098,999 S. WASHINGTON ST.,NORTH ATTLEBORO,MA
126665,30.429405,-91.116758,7171 Corporate Blvd,Baton Rouge,LA
166994,38.229943,-84.534396,476 Connector Rd.,Georgetown,KY
126511,30.231541,-92.031991,2017 W University,Lafayette,LA
344293,36.078779,-86.951597,7665 Highway 70 South,Nashville,TN
125408,37.742258,-88.970608,2709 Walton Way,Marion,IL
132362,33.523826,-112.204371,6710 W Bethany Home Rd,Glendale,AZ
109038,42.994816,-78.163356,601 E. Main Street,Batavia,NY
149871,38.748146,-89.680985,111 WALNUT St,HIGHLAND,IL
395055,28.258692,-82.709316,6400 Massachusetts,New Port Richey,FL
153168,26.046224,-80.226659,5997 Stirling Rd,Davie,FL
105570,43.700489,-70.287363,365 Allen Avenue,Portland,ME
145580,36.158917,-115.075349,4581 E. Charleston Blvd,LAS VEGAS,NV
363758,45.077018,-123.48496,245 LAMSON ST,WILLAMINA,OR
375460,40.830807,-73.090571,425 Portion Road,Lake Ronkonkoma,NY
118862,34.630914,-89.968949,122 Northwest Plz,Senatobia,MS
129916,26.272508,-98.200649,4101 S Mccoll Rd,Edinburg,TX
341959,42.77824,-89.286189,8038 N. U.S. Hwy. 14,Evansville,WI
1009027,30.963176,-95.882721,204 1-45 South,Madisonville,TX
130830,40.526762,-105.026824,4333 Corbett Drive,Fort Collins,CO
107564,40.932812,-73.758636,125 Chatsworth Ave,Larchmont,NY
397168,38.775725,-77.080843,6600 Richmond Hwy,Alexandria,VA
113662,36.196334,-81.658274,276 Watauga Village Dr,Boone,NC
133042,36.240178,-115.096268,3821 E Craig Rd,N Las Vegas,NV
375342,41.50466,-72.900607,275 Highland Avenue,Cheshire,CT
361020,33.839251,-118.353854,21017 Hawthorne Blvd,Torrance,CA
124725,41.690928,-88.125622,262 S Weber Rd,Bolingbrook,IL
356500,36.035193,-95.948939,8880 S Delaware Avenue,Tulsa,OK
357728,30.004988,-95.277156,9669 Fm 1960 Bypass Rd W,Humble,TX
114016,32.816762,-79.845828,1501 Hwy 17 North,Mt Pleasant,SC
393458,35.027838,-78.927955,1902 Owen Drive,Fayetteville,
155652,36.171058,-86.67958,143 McGavock Pike,Nashville,TN
374411,33.84469,-118.146339,5221 Hazelbrook Ave.,Lakewood,CA
147803,33.582164,-101.874659,15TH AKRON,LUBBOCK,TX
140597,38.852394,-77.130418,5840 Crossroads Center Way,Bailey's Crossroads,VA
140793,36.85294,-76.209861,880 N Military Hwy  Ste 1040,Norfolk,VA
374620,42.690807,-71.209715,131 River Road,Andover,MA
127702,32.95082,-96.734077,100 N Central Expressway,Richardson,TX
473109,31.723471,-106.303001,1313 GEORGE DIETER DR. #B,EL PASO,TX
125162,41.358271,-89.128322,1647 38th St Suite A,Peru,IL
110355,41.40371,-75.398279,639 Hamlin Highway,Lake Ariel,PA
141860,41.83624,-111.832667,10 S. MAIN ST.,SMITHFIELD,UT
141517,38.836979,-77.051748,3575 Jefferson Davis Highway,Alexandria,VA
162764,33.609063,-117.73023,24338 El Toro Road,Laguna Hills,CA
473665,38.308469,-85.575113,4360 SUMMIT PLAZA DR,LOUISVILLE,KY
111674,38.856662,-77.140942,6053 Leesburg Pike,Falls Church,VA
113154,36.437602,-77.644324,1825 East 10th Street,Roanoke Rapids,NC
348875,41.313015,-81.52498,8224 GOLDEN LINK BOULEVARD,NORTHFIELD,OH
374763,28.944857,-81.952433,1206 Avenida Central,Lady Lake,FL
355488,42.099155,-102.871027,109 W 5TH ST,ALLIANCE,NE
142834,47.477451,-122.260853,14057 Interurban Ave S,Tukwila,WA
146556,32.871165,-96.765535,6881 Greenville Avenue,DALLAS,TX
117539,33.960736,-86.593229,35 Camp Rd P.O. Box 780,Cleveland,AL
348313,38.990719,-84.652545,8073 CONNECTOR DR,FLORENCE,KY
134744,34.107068,-117.651927,31 W Foothill Blvd,Upland,CA
119737,40.076066,-83.13251,5123 Tuttle Crossing Blvd.,Columbus,OH
109997,39.843672,-77.20182,1275 York Road (US Route 30),Gettysburg,PA
115382,32.005103,-81.117537,7805 Abercorn St. Ext.,Savannah,GA
165521,40.743596,-73.976762,585 2nd Avenue,New York,NY
142796,38.651201,-77.258041,13940 Jefferson Davis Hwy,WOODBRIDGE,VA
116893,27.944878,-82.527394,298 WestShore Plaza,Tampa,FL
106942,40.294256,-74.681849,400 Quakerbridge Road,Lawrenceville,NJ
151014,42.521813,-82.987967,13603 E. 13 Mile Rd,Warren,MI
132246,33.639979,-111.864555,10115 E BELL RD,SCOTTSDALE,AZ
105729,44.447572,-73.103774,108 Cornerstone Drive,Williston,VT
105734,44.258991,-72.576295,29-31 Main Street,Montpelier,VT
177568,45.422901,-122.739937,8 Centerpointe Drive,Lake Oswego,OR
348188,38.242817,-85.511837,12935 Shelbyville Rd,Louisville,KY
127730,32.906773,-96.451624,1005 E. IH30,Rockwall,TX
146670,40.691933,-73.465322,711 Broadway,MASSAPEQUA,NY
111639,39.604358,-75.79309,1000 E Pulaski Hwy,Elkton,MD
361002,33.945482,-118.330275,3363 Century Blvd,Inglewood,CA
353849,41.939104,-87.667875,3150 N LINCOLN,CHICAGO,IL
132539,33.609266,-112.361053,13982 W. WADDELL ROAD,SURPRISE,AZ
121864,39.399636,-87.401434,5679 S. U.S. Hwy 41,Terre Haute,IN
173985,35.565561,-97.515043,125 West Britton Rd,Oklahoma City,OK
349375,39.287581,-84.474554,155 West Kemper,Springdale,OH
149629,39.47927,-106.045714,309 S. Main St,Breckenridge,CO
104736,42.195485,-71.773905,70 Worcester Providence Tpke,Millbury,MA
356966,33.11578,-95.598106,200 W Shannon Rd,Sulphur Springs,TX
361123,33.895622,-118.160069,15126 Paramount Blvd,Paramount,CA
123693,44.911845,-91.932481,180 Cedar Falls Rd,Menomonie,WI
347611,36.004862,-83.984094,5549 CLINTON HWY,KNOXVILLE,TN
129212,29.982792,-95.611323,13742 N Eldridge Pkwy,Cypress,TX
1121963,30.271255,-97.788635,2805 Bee Caves Road,Austin,TX
159338,40.440186,-79.991379,112 Washington Pl,Pittsburgh,PA
140156,40.210573,-75.106567,958 W Street Rd,Warminster,PA
122107,42.288695,-83.84095,5645 Jackson Rd,Ann Arbor,MI
126563,30.518446,-92.060766,1723 Creswell Ln Ext,Opelousas,LA
159507,30.374624,-90.08798,3461 E. Causeway Approach,Mandeville,LA
121411,39.911655,-86.219134,3489 West 86th Street,Indianapolis,IN
116135,28.514872,-81.288539,7336 Curry Ford Rd,Orlando,FL
165144,40.769811,-111.904077,9 South Rio Grande Street,Salt Lake City,UT
160468,33.57451,-112.242021,7410 West Bell Road,Glendale,AZ
147143,38.997925,-77.004265,8472 Piney Branch Rd,Silver Spring,MD
362298,36.313633,-119.292012,1942 S COURT ST,VISALIA,CA
1122063,37.303741,-121.861267,2199 Monterey Highway #80,San Jose,CA
360010,33.579838,-111.760406,14835 E SHEA BLVD STE 101,FOUNTAIN HILLS,AZ
165423,39.972726,-104.827657,893 S Kuner Rd,Brighton,CO
157147,39.914103,-105.008687,1955 W. 120TH Ave,WESTMINSTER,CO
351625,43.066023,-96.175418,1218 S MAIN,SIOUX CENTER,IA
345347,42.024405,-87.801443,901 Civic Center Plaza,Niles,IL
117193,27.00408,-82.055111,1952 Kings Highway,Port Charlotte,FL
125373,39.764195,-89.70354,2501 West Wabash Avenue,Springfield,IL
128621,31.483948,-100.462043,2831 N Bryant St,San Angelo,TX
372526,39.144125,-77.220382,555 Quince Orchard Rd  Suite 150,Gaithersburg,MD
360256,32.19192,-110.856324,6360 E GOLF LINKS RD,TUCSON,AZ
394348,30.248404,-81.765013,7211 103rd St,Jacksonville,
347989,31.320909,-89.385072,6152 U S Highway 98,Hattiesburg,MS
121317,39.774617,-86.203922,2600 W Michigan St,Indianapolis,IN
176704,45.399941,-122.737075,17449 Boones Ferry Rd,Lake Oswego,OR
346625,38.625257,-90.151444,907A MARTIN LUTHER KING DR,EAST SAINT LOUIS,IL
349430,39.856849,-84.792687,118 S WASHINGTON,NEW PARIS,OH
364314,48.435475,-119.484184,920 Engh Road,Omak,WA
144778,47.667531,-122.398456,3200 NW 54th St,Seattle,WA
106168,40.795755,-74.128024,487 Ridge Rd,North Arlington,NJ
393887,35.85897,-77.834239,3653 US Hwy 301 South,Sharpsburg,
350321,42.677552,-82.830939,51315 Gratiot Ave,Chesterfield Twsp,MI
115340,32.898944,-83.688864,175-A Tom Hill SR Blvd.,Macon,GA
131638,41.71842,-111.810062,145 West Cache Valley Blvd,Logan,UT
139623,47.217888,-122.467663,4502 South Steele Street,Tacoma,WA
350307,42.695356,-82.506185,6736 S RIVER RD,MARINE CITY,MI
353885,41.841141,-87.743907,2803 S Cicero Ave,Cicero,IL
394532,33.962027,-83.393097,990 Prince Ave,Athens,
333443,34.515459,-117.319702,14555 Valley Center Drive,Victorville,California
130623,39.751967,-105.001035,1760 16th St,Denver,CO
125773,38.952605,-92.293619,415 Conley Rd,Columbia,MO
165249,36.874062,-119.740631,9505 North Sommerville Drive,Fresno,CA
358892,39.694639,-104.865976,1205 S Havana St,Aurora,CO
165961,32.748557,-117.152497,1240 University Avenue,San Diego,CA
126734,32.985447,-93.459789,1920 S Arkansas St,Springhill,LA
473063,30.437202,-89.092971,15212 CROSSROADS PARKWAY,GULFPORT,MS
359352,42.872224,-112.449977,850 N 5th Ave,Pocatello,ID
175504,39.678498,-104.968577,1605 E Evans Ave,Denver,CO
375281,41.003731,-74.357395,1506 State Route 23,Butler,NJ
163254,32.67849,-97.197038,4340 Little Road,Arlington,TX
122318,42.392034,-83.0879,11606 Woodward Ave,Detroit,MI
346058,44.250774,-84.225482,2892 Cook Road,W Branch,MI
392893,41.616877,-87.038913,747 INDIAN BOUNDARY ROAD,Chesterton,IN
146092,27.88447,-82.506375,5616 SOUTH DALE MABRY,TAMPA,FL
154189,34.254979,-85.176608,228 N. 2ND AVE,ROME,GA
359043,39.722726,-105.025135,391 N FEDERAL,DENVER,CO
358888,39.711067,-104.822908,14200 E Alameda Ave,Aurora,CO
153940,25.707514,-80.282026,1401 Monza Ave,Coral Gables,FL
127623,32.922945,-96.956652,8585 N Macarthur Blvd,Irving,TX
165883,26.347809,-80.153959,22113 Powerline Rd.,Boca Raton,FL
157224,28.469027,-81.267975,6485 S Chickasaw Trl,Orlando,FL
116032,28.557486,-80.807809,621 Cheney Hwy,Titusville,FL
106889,39.356967,-74.435994,2100 Pacific Ave.,Atlantic City,NJ
396546,38.815533,-90.876328,1883 Wentzville Pkwy,Wentzville,MO
128594,31.600264,-97.107887,1521 N I-35,Bellmead,TX
136862,37.800896,-122.424383,2750 Van Ness Ave,San Francisco,CA
175987,43.144411,-78.696902,5774 South Transit Rd,Lockport,NY
395903,41.230081,-73.219885,5065 Main St Ste Target,Trumbull,CT
111083,38.822242,-77.002642,4635 South Capitol Street SW,Washington,DC
112521,38.38725,-82.289401,Unit 300 Huntington Mall,Barboursville,WV
109834,41.811977,-78.280996,59 North Main Street,Port Allegany,PA
394151,34.02352,-80.952986,5425 Forest Drive,Columbia,
141522,38.836979,-77.051748,3575 Jefferson Davis Highway,Alexandria,VA
112797,36.062518,-79.105837,113 B Mayo St,Hillsborough,NC
176233,41.988082,-88.144793,1788 Lake St.,Hanover Park,IL
112060,36.750202,-76.583298,1405 North Main Street,Suffolk,VA
117822,33.997137,-86.094282,973 Gilbert Ferry Rd Se,Attalla,AL
357601,29.737549,-95.508172,7950 Westheimer,Houston,TX
177070,34.442636,-119.830673,175 N Fairview Ave,Goleta,CA
473035,36.739771,-85.207475,3131 US HIGHWAY #16,LACROSSE,WI
136695,36.725556,-121.656363,2143 N. MAIN,SALINAS,CA
120920,40.296833,-84.157931,1019 Wapakoneta Ave,Sidney,OH
139845,47.486325,-117.576652,304 1st St,Cheney,WA
156872,34.753987,-92.401593,11402 W. Markham St,Little Rock,AR
152953,32.966274,-80.167261,1575 Old Trolley Rd,Summerville,SC
109814,40.485156,-78.387154,213 Sophira Dr.,Altoona,PA
135930,33.72717,-117.887148,1406 West Edinger Avenue,Santa Ana,CA
1122298,47.777809,-122.341759,7929 Lake Ballinger Way,Edmonds,WA
341693,34.864084,-92.128231,1800 School Drive,Jacksonville,AR
165077,36.116296,-115.279043,4035 S Durango Blvd,Las Vegas,NV
350009,41.047809,-85.166584,3607 BLUFFTON RD,FORT WAYNE,IN
126773,32.518746,-93.740464,435 Boardwalk Blvd.,Bossier City,LA
151176,27.584076,-81.514554,1020 US Highway 27 S,Avon Park,FL
123340,41.577584,-90.528612,5811 Elmore Ave,Davenport,IA
353286,41.939265,-88.11244,369 W Army Trail Rd,Bloomingdale,IL
154340,42.214795,-121.757171,1613 WASHBURN WAY,KLAMATH FALLS,OR
107253,40.765707,-73.981941,1755 Broadway,Manhattan,NY
139098,47.678362,-122.191152,529 Parkplace Center,Kirkland,WA
157333,32.868892,-96.675154,12000 MCCREE Rd,DALLAS,TX
156879,41.484647,-81.703767,1958 W. 25th St,Cleveland,OH
119908,39.96255,-82.997881,100 E Broad St,Columbus,OH
136040,33.879501,-117.924361,1010 N Harbor Blvd,Fullerton,CA
153455,39.854853,-75.032748,101 S. WARWICK Rd,MAGNOLIA,NJ
396626,40.731236,-74.035502,100 14th St,Jersey City,NJ
373498,38.189041,-120.00185,Pinecrest Plaza #5,Southern Pines,NC
155284,43.887938,-94.157564,156 E. Maine St,Amboy,MN
126048,37.839542,-97.371778,110 E. 5TH,VALLEY CENTER,KS
154588,31.684364,-92.135763,3148 W. OAK St,JENA,LA
112870,36.107771,-79.827789,2618 BATTLEGROUND AVE,GREENSBORO,NC
347483,35.087503,-85.189754,4735 Hwy 58,Chattanooga,TN
137947,38.646055,-121.119398,2495 Iron Point Road,Folsom,CA
157618,43.753252,-88.450378,20 W. Pioneer Rd,Fond Du Lac,WI
149048,30.785621,-83.554742,100 E. STEVENS,QUITMAN,GA
361157,33.840651,-118.184728,4520 ATLANTIC AVE,LONG BEACH,CA
362121,33.832831,-117.889161,676 S State College Blvd,Anaheim,CA
159218,38.886803,-77.020118,600 Maryland Avenue  SW,Washington,DC
359934,33.451833,-111.735591,4401 E MCKELLIPS RD STE 104,MESA,AZ
150321,33.57823,-96.192368,105 Highway 121,Trenton,TX
157154,39.827278,-105.029739,3300 W. 72nd Ave,Westminster,CO
160402,48.732427,-122.470093,222 36th Street,Bellingham,WA
374643,39.938889,-75.025133,2000 Route 38 Ste 1180,Cherry Hill,NJ
391957,45.561962,-94.147168,1001 Fourth Street SE,St. Cloud,MN
162583,26.54188,-81.774949,1600 Chamberlain Pkwy.,Fort Myers,FL
121834,37.927646,-86.755249,730 Us Highway 66 E,Tell City,IN
129088,30.069031,-95.217051,2165 Northpark Dr,Kingwood,TX
154797,32.757123,-97.332828,100 E. WEATHERFORD,FORT WORTH,TX
154924,35.93272,-86.862279,230 Franklin Rd,Franklin,TN
167402,29.903295,-95.5532,9125 West Sam Houston Pkwy,Houston,TX
145280,33.990179,-118.447532,4010 Lincoln Blvd.,MARINA DEL REY,CA
104652,42.159547,-72.328983,1047 Thorndike Street,Palmer,MA
351072,42.220903,-85.589457,6650 S Westnedge Ave,Portage,MI
151653,44.177287,-93.967435,1291 Raintree Rd,Mankato,MN
163778,38.749869,-77.571673,12821 Braemar Village Plaza,Bristow,VA
150852,44.890038,-97.089313,1601 9TH Ave SOUTHEAST,WATERTOWN,SD
357945,29.048125,-95.460057,125 HWY 332 W STE C,LAKE JACKSON,TX
342158,43.851002,-89.129449,511 Main Street,Princeton,WI
342724,41.610515,-87.063579,244 Melton Road,Chesterton,IN
343489,48.301487,-116.546433,476600 Highway 95 North,Sandpoint,ID
116392,26.28714,-80.267076,10542 Wiles Road,Coral Springs,FL
352881,47.493692,-94.904109,1710 Paul Bunyan Dr Nw,Bemidji,MN
130742,40.034882,-105.258456,3325 28th St  Unit 4,Boulder,CO
349395,39.288703,-84.305518,9146 Union Cemetery Rd,Cincinnati,OH
345724,40.784826,-74.050122,1055 Paterson Plank Rd,Secaucus,NJ
128881,29.990373,-95.493832,4165 Fm1960 W,Houston,TX
110311,40.863243,-75.814639,200 W. CATAWISSA STREET,NESQUEHONING,PA
349886,41.688503,-86.057984,30801 Old Us 20,Elkhart,IN
374582,45.010408,-122.925717,Village East Shopping Center,Salem,OR
123609,44.511243,-88.330265,222 S Main St,Seymour,WI
347828,34.965574,-89.854389,7740 Craft Goodman Rd,Olive Branch,MS
115904,30.603706,-87.132207,4600 HIGHWAY 90 E,PACE,FL
160624,43.240275,-123.362151,3013 NW Stewart Pkwy,Roseburg,OR
113453,35.078255,-78.955392,521 North McPherson Church Road,Fayetteville,North Carolina
158758,33.370744,-98.750306,106 N Hwy 79,Olney,TX
138372,21.277569,-157.827215,2335 KALAKAUA AVE,HONOLULU,HI
129815,29.589512,-98.619615,15900 La Cantera Parkway,San Antonio,TX
172005,41.306568,-72.929283,Yale Rd & Chem Ave,Chilliwack,BC
163444,46.591079,-112.018306,1300 Prospect Ave.,Helena,MT
119058,30.515413,-89.663284,231 Frontage Rd,Picayune,MS
145920,32.757267,-117.083473,5202 EL CAJON BLVD,SAN DIEGO,CA
105534,43.853602,-70.104434,ONE FREEPORT VILLAGE STATION SPACE 303S,FREEPORT,ME
126794,32.517584,-92.106683,1801 Louisville Avenue,Monroe,LA
341957,35.530896,-90.427376,115 Hwy 63 West,Marked Tree,AR
137639,38.137918,-121.274891,205 W. LOCKFORD,LODI,CA
343581,46.266568,-100.235521,101 St Paul Box 400,Linton,ND
374040,42.28438,-89.009712,199 Deane Drive,Rockford,IL
472907,42.497337,-83.284865,28512 TELEGRAPH ROAD,SOUTHFIELD,MI
372487,37.119155,-81.213195,1170 US Route 22 East  Suite #101,Bridgewater,NJ
162143,33.668745,-112.20291,20205 N 67th Ave,Glendale,AZ
128713,29.689987,-95.417673,8767 S Main,Houston,TX
123244,43.422874,-95.124148,2200 17Th St.,Spirit Lake,IA
143411,34.106689,-117.418228,17710 FOOTHILL BLVD,FONTANA,CA
140663,40.877573,-73.867051,697 East Gunhill Road,Bronx,NY
150102,33.471249,-79.105354,13021 Ocean Highway,Pawleys Island,SC
149012,35.730222,-85.463828,13972 STATE ROUTE 111,SPENCER,TN
111078,38.933546,-77.085849,3301 New Mexico Avenue NW,Washington,DC
111868,38.031414,-78.445448,1448 Richmond Road,Charlottesville,Virginia
345119,39.941108,-74.960216,1200 Nixon Dr,Mount Laurel,NJ
149474,45.461851,-98.489511,321 S. FIRST,ABERDEEN,SD
393414,28.546741,-81.646035,17503 W Colonial Dr,Oakland,
356153,35.827763,-90.668684,1320 Stadium Blvd,Jonesboro,AR
126991,34.768484,-92.335919,1818 N TAYLOR ST,LITTLE ROCK,AR
106965,39.919597,-74.160215,333 Atlantic City Blvd.,Bayville,NJ
166639,30.370157,-91.07327,8729 Siegen Lane,Baton Rouge,LA
362233,34.219644,-119.158412,1941 N Rose Ave,Oxnard,CA
341733,33.218246,-98.160314,205 West Belknap Street,Jacksboro,TX
342474,39.87886,-88.956579,455 East Pershing Road,Decatur,IL
125880,38.924302,-95.259641,3300 Iowa St,Lawrence,KS
141794,39.275675,-76.569263,1501 S. CLINTON St,BALTIMORE,MD
108592,42.75172,-73.766341,579 Troy/Schenectady Road,Latham,NY
115808,30.402389,-87.342472,38 S BLUE ANGEL PKWY,PENSACOLA,FL
343223,33.99486,-114.216879,920 Arizona Ave,Parker,AZ
355827,30.653603,-91.193288,20377 OLD SCENIC HWY STE 203,ZACHARY,LA
150842,41.233802,-96.141477,14545 W. CENTER Rd,OMAHA,NE
106161,40.743251,-74.15517,432 Bergen Street,Harrison,NJ
124034,48.587849,-93.439063,1905 Valley Pine Circle,International Falls,MN
113819,33.925164,-80.34427,225 Washington Street,Sumter,SC
166449,42.485859,-71.212482,84 Burlington Mall Road,Burlington,MA
112258,37.223661,-79.968444,4210 Franklin Rd Sw,Roanoke,VA
393104,35.861307,-80.072529,1115 Randolph Street,Thomasville,
473801,48.077834,-123.132841,1235 W. WASHINGTON STREET,SEQUIM,WA
110956,39.676564,-75.649933,147 CHRISTIANA MALL,NEWARK,DE
140515,32.340028,-90.068754,240 Ridge Way,Flowood,MS
144883,43.231133,-77.625972,3345 Lake Ave,ROCHESTER,NY
344684,38.781344,-89.951362,2500 Troy Road,Edwardsville,IL
111529,38.982787,-76.534336,2027 West Street,Annapolis,MD
358469,30.649417,-97.676742,918 N Austin Ave,Georgetown,TX
346875,34.497293,-87.722052,14001 HWY 43 STE 7,RUSSELLVILLE,AL
110602,40.048052,-75.412451,821 Lancaster Ave,Wayne,PA
374649,40.611682,-74.159544,1497 Richmond Avenue,Staten Island,NY
108882,42.954215,-76.92165,655 Route 318,Waterloo,NY
162335,47.907822,-122.293125,10100 Mukilteo Speedway,Mukilteo,WA
141132,38.785945,-90.416002,5555 St. Louis Mills Blvd.,Hazelwood,MO
132869,35.148451,-106.586331,6300 San Mateo Blvd,Albuquerque,NM
1121662,39.146618,-84.429283,3806 Paxton Avenue,Cincinnati,OH
396252,38.926182,-95.260557,3201 S Iowa St,Lawrence,KS
1009286,37.30604,-120.50505,1400 Auto Center Drive,Merced,CA
120144,40.014094,-80.74454,3191 Guernsey St,Bellaire,OH
114211,34.177153,-82.023881,204 N Cambridge P.O. Box 356,Ninety-Six,SC
396873,40.679893,-80.31142,87 Wagner Rd,Monaca,PA
165532,39.953219,-75.170144,1801 Market St.,Philadelphia,PA
129377,29.678516,-95.123184,3605 Center St,Deer Park,TX
396718,35.348794,-80.85743,9841 Northlake Centre Pkwy,Charlotte,NC
175236,33.74525,-118.011324,200 Westminster Mall,Westminster,CA
357180,32.167152,-97.135453,1201 E. Main St.,Itasca,TX
373538,34.010063,-84.572271,851 Cobb Place Blvd,Kennesaw,GA
128544,32.401684,-98.793791,1410 E Main St,Eastland,TX
131277,43.617751,-116.391573,1600 North Main Street,Meridian,ID
364251,45.719437,-121.475136,1000 W STEUBEN,BINGEN,WA
121696,38.328164,-85.760832,1250 Veterans Parkway,Clarksville,IN
374948,30.303212,-89.825775,116 Northshore Blvd,Slidell,LA
348058,30.41625,-88.818135,1521 Bienville Blvd,Ocean Springs,MS
374168,32.647677,-96.859082,2503 W. Wheatland Rd.,Dallas,TX
132558,33.711146,-112.273746,10072 W. Happy Valley Parkway,Peoria,AZ
128249,32.529327,-97.339811,951 Sw Wilshire Blvd,Burleson,TX
375479,41.294963,-73.903123,1831 East Main Street,Peekskill,NY
146315,40.033678,-75.215421,6101 Ridge Ave,PHILADELPHIA,PA
